Backbone Accessibility h=2	Merged Accessibility h=2	Backbone Accessibility h=3	Merged Accessibility h=3
0	0	0	0
0.701906	0.523064	0.25	0.333333
0	0	0	0
0	0	0	0
0	0	0	0
0.936687	0.896497	0	0
0.377976	0.629961	0	0
0.842481	0.86683	0.25	0.333333
0	0	0	0
0	0	0	0
0	0	0	0
0	0	0	0
0	0	0	0
1	1	0.877383	0.784596
1	1	0.47247	0.944941
0	0	0	0
0	0	0	0
0	0	0	0
0	0	0	0
0	0	0	0
0	0	0	0
0.350953	0.944941	0.2	0.5
0	0	0	0
0.350953	0.944941	0.2	0.5
0	0	0	0
0	0	0	0
1	1	0.584922	0.944941
0	0	0	0
0	0	0	0
